<?xml version="1.0" encoding="UTF-8"?>
<!--
Document   : constants.xml
Version    : general.php 6570 2010-06-24 00:50:18Z shaun $
-->
<root>
  <constant>
    <name>testconstant</name>
    <value>testvalue</value>
  </constant>
  <constant>
    <name>theme_topbar_width</name>
    <value>100%</value>
  </constant>
  <constant>
    <name>theme_topbar_minimenu_width</name>
    <value>950px</value>
  </constant>
  <constant>
    <name>theme_topbar_logo_width</name>
    <value>950px</value>
  </constant>
  <constant>
    <name>theme_topbar_menu_width</name>
    <value>950px</value>
  </constant>
  <constant>
    <name>theme_footer_width</name>
    <value>930px</value>
  </constant>
  <constant>
    <name>theme_content_width</name>
    <value>950px</value>
  </constant>
  <constant>
    <name>theme_content_columns_left_width</name>
    <value>190px</value>
  </constant>
  <constant>
    <name>theme_content_columns_right_width</name>
    <value>190px</value>
  </constant>
  <constant>
    <name>theme_body_background_color</name>
    <value>#fff</value>
  </constant>
  <constant>
    <name>theme_topbar_background_color</name>
    <value>#e9f4fa</value>
  </constant>
  <constant>
    <name>theme_topbar_menu_background_color</name>
    <value>#79b4d4</value>
  </constant>
  <constant>
    <name>theme_topbar_menu_background_color_hover</name>
    <value>transparent</value>
  </constant>
  <constant>
    <name>theme_topbar_menu_link_color</name>
    <value>#fff</value>
  </constant>
  <constant>
    <name>theme_topbar_menu_link_decoration</name>
    <value>none</value>
  </constant>
  <constant>
    <name>theme_topbar_menu_link_hover_color</name>
    <value>#fff</value>
  </constant>
  <constant>
    <name>theme_topbar_menu_link_hover_decoration</name>
    <value>underline</value>
  </constant>
  <constant>
    <name>theme_topbar_menu_link_size</name>
    <value>1.3em</value>
  </constant>
  <constant>
    <name>theme_topbar_menu_link_background_color</name>
    <value>transparent</value>
  </constant>
  <constant>
    <name>theme_topbar_menu_link_background_color_hover</name>
    <value>transparent</value>
  </constant>
  <constant>
    <name>theme_topbar_menu_border</name>
    <value>1px solid #89a4b3</value>
  </constant>
  <constant>
    <name>theme_topbar_minimenu_background_color</name>
    <value>#fff</value>
  </constant>
  <constant>
    <name>theme_topbar_minimenu_border</name>
    <value>2px solid #d7e7f0</value>
  </constant>
  <constant>
    <name>theme_topbar_minimenu_link_size</name>
    <value>.7em</value>
  </constant>
  <constant>
    <name>theme_topbar_minimenu_link_color</name>
    <value>#999</value>
  </constant>
  <constant>
    <name>theme_topbar_minimenu_link_hover_color</name>
    <value>#777</value>
  </constant>
  <constant>
    <name>theme_topbar_minimenu_link_hover_decoration</name>
    <value>none</value>
  </constant>
  <constant>
    <name>theme_topbar_minimenu_link_hover_background_color</name>
    <value>#d7e7f0</value>
  </constant>
  <constant>
    <name>theme_topbar_border</name>
    <value>0px solid transparent</value>
  </constant>
  <constant>
    <name>theme_font_family</name>
    <value>tahoma, arial, verdana, sans-serif</value>
  </constant>
  <constant>
    <name>theme_font_size</name>
    <value>10pt</value>
  </constant>
  <constant>
    <name>theme_font_color</name>
    <value>#555</value>
  </constant>
  <constant>
    <name>theme_font_color_light</name>
    <value>#999</value>
  </constant>
  <constant>
    <name>theme_text_align</name>
    <value>left</value>
  </constant>
  <constant>
    <name>theme_link_color</name>
    <value>#5f93b4</value>
  </constant>
  <constant>
    <name>theme_link_color_hover</name>
    <value>#4e81a1</value>
  </constant>
  <constant>
    <name>theme_link_decoration</name>
    <value>none</value>
  </constant>
  <constant>
    <name>theme_link_decoration_hover</name>
    <value>underline</value>
  </constant>
  <constant>
    <name>theme_headline_color</name>
    <value>#717171</value>
  </constant>
  <constant>
    <name>theme_headline_size_large</name>
    <value>1.5em</value>
  </constant>
  <constant>
    <name>theme_headline_size_medium</name>
    <value>1.3em</value>
  </constant>
  <constant>
    <name>theme_border_color</name>
    <value>#eaeaea</value>
  </constant>
  <constant>
    <name>theme_border_medium_color</name>
    <value>#ddd</value>
  </constant>
  <constant>
    <name>theme_border_dark_color</name>
    <value>#bbb</value>
  </constant>
  <constant>
    <name>theme_foreground_border_color</name>
    <value>#d0e2ec</value>
  </constant>
  <constant>
    <name>theme_foreground_border_color_light</name>
    <value>#d7e8f1</value>
  </constant>
  <constant>
    <name>theme_foreground_background_color</name>
    <value>#e9f4fa</value>
  </constant>
  <constant>
    <name>theme_input_background_color</name>
    <value>#fff</value>
  </constant>
  <constant>
    <name>theme_input_font_color</name>
    <value>#555</value>
  </constant>
  <constant>
    <name>theme_input_border_colors</name>
    <value>#999 #ccc #ccc #999</value>
  </constant>
  <constant>
    <name>theme_button_background_color</name>
    <value>#619dbe</value>
  </constant>
  <constant>
    <name>theme_button_background_color_hover</name>
    <value>#7eb6d5</value>
  </constant>
  <constant>
    <name>theme_button_font_color</name>
    <value>#fff</value>
  </constant>
  <constant>
    <name>theme_button_border_color</name>
    <value>#50809b</value>
  </constant>
  <constant>
    <name>theme_photo_border_color</name>
    <value>#ddd</value>
  </constant>
  <constant>
    <name>theme_photo_border_color_hover</name>
    <value>#aaa</value>
  </constant>
  <constant>
    <name>theme_form_border_color</name>
    <value>#ddecf3</value>
  </constant>
  <constant>
    <name>theme_form_background_color</name>
    <value>#f4f9fb</value>
  </constant>
  <constant>
    <name>theme_form_label_font_color</name>
    <value>#777</value>
  </constant>
  <constant>
    <name>theme_buttontabs_font_color</name>
    <value>#777</value>
  </constant>
  <constant>
    <name>theme_buttontabs_font_color_hover</name>
    <value>#555</value>
  </constant>
  <constant>
    <name>theme_buttontabs_font_color_active</name>
    <value>#fff</value>
  </constant>
  <constant>
    <name>theme_buttontabs_background_color</name>
    <value>#d4e5ee</value>
  </constant>
  <constant>
    <name>theme_buttontabs_background_color_hover</name>
    <value>#c9dde7</value>
  </constant>
  <constant>
    <name>theme_buttontabs_background_color_active</name>
    <value>#55677a</value>
  </constant>
  <constant>
    <name>theme_tabs_background_color</name>
    <value>#e9f4fa</value>
  </constant>
  <constant>
    <name>theme_tabs_border_color</name>
    <value>#cad9e1</value>
  </constant>
  <constant>
    <name>theme_tabs_border_color_hover</name>
    <value>#cad9e1</value>
  </constant>
  <constant>
    <name>theme_tabs_font_color</name>
    <value>#838e9a</value>
  </constant>
  <constant>
    <name>theme_tabs_font_color_active</name>
    <value>#555</value>
  </constant>
  <constant>
    <name>theme_tabs_background_color_active</name>
    <value>#fff</value>
  </constant>
  <constant>
    <name>theme_tabs_background_color_hover</name>
    <value>#fff</value>
  </constant>
  <constant>
    <name>theme_list_background_color</name>
    <value>#fff</value>
  </constant>
  <constant>
    <name>theme_list_background_color_alt</name>
    <value>#f9f9f9</value>
  </constant>
  <constant>
    <name>theme_list_background_color_hover</name>
    <value>#eee</value>
  </constant>
  <constant>
    <name>theme_tag_background_color</name>
    <value>#d3e6ef</value>
  </constant>
  <constant>
    <name>theme_pulldown_background_color</name>
    <value>#f1f6f8</value>
  </constant>
  <constant>
    <name>theme_pulldown_background_color_hover</name>
    <value>#ddeff9</value>
  </constant>
  <constant>
    <name>theme_pulldown_background_color_active</name>
    <value>#8197ab</value>
  </constant>
  <constant>
    <name>theme_pulldown_font_color_active</name>
    <value>#fff</value>
  </constant>
  <constant>
    <name>theme_pulldown_border_color</name>
    <value>#8197ab</value>
  </constant>
  <constant>
    <name>theme_pulldown_contents_background_color</name>
    <value>#fff</value>
  </constant>
  <constant>
    <name>theme_pulldown_contents_list_background_color_hover</name>
    <value>#f2f2f2</value>
  </constant>
  <constant>
    <name>theme_pulldown_contents_list_background_color_active</name>
    <value>#eeeeee</value>
  </constant>
  <constant>
    <name>theme_color</name>
    <value>1</value>
  </constant>
  <constant>
    <name>custom_theme_color</name>
    <value>1</value>
  </constant>
  <constant>
    <name>theme_widget_radius</name>
    <value>1px</value>
  </constant>
  <constant>
    <name>serenity_header_background_color</name>
    <value>#03598f</value>
  </constant>
  <constant>
    <name>serenity_mainmenu_background_color</name>
    <value>#fff</value>
  </constant>
  <constant>
    <name>serenity_mainmenu_links_color</name>
    <value>#000000</value>
  </constant>
  <constant>
    <name>serenity_mainmenu_links_hover_color</name>
    <value>#fff</value>
  </constant>
  <constant>
    <name>serenity_mainmenu_links_hover_background_color</name>
    <value>#fe4497</value>
  </constant>
  <constant>
    <name>serenity_minimenu_links_color</name>
    <value>#FFFFFF</value>
  </constant>
  <constant>
    <name>serenity_minimenu_link_active_color</name>
    <value>#fe4497</value>
  </constant>
  <constant>
    <name>serenity_footer_background_color</name>
    <value>#FFFFFF</value>
  </constant>
  <constant>
    <name>serenity_footer_font_color</name>
    <value>#676767</value>
  </constant>
  <constant>
    <name>serenity_footer_links_color</name>
    <value>#676767</value>
  </constant>
  <constant>
    <name>serenity_footer_border_color</name>
    <value>#e4e4e4</value>
  </constant>
  <constant>
    <name>serenity_theme_color</name>
    <value>#03598f</value>
  </constant>
  <constant>
    <name>serenity_body_background_color</name>
    <value>#e6ecf0</value>
  </constant>
  <constant>
    <name>serenity_font_color</name>
    <value>#5f727f</value>
  </constant>
  <constant>
    <name>serenity_font_color_light</name>
    <value>#808D97</value>
  </constant>
  <constant>
    <name>serenity_links_color</name>
    <value>#444f5d</value>
  </constant>
  <constant>
    <name>serenity_links_hover_color</name>
    <value>#03598f</value>
  </constant>
  <constant>
    <name>serenity_headline_color</name>
    <value>#1c2735</value>
  </constant>
  <constant>
    <name>serenity_border_color</name>
    <value>#e2e4e6</value>
  </constant>
  <constant>
    <name>serenity_box_background_color</name>
    <value>#FFFFFF</value>
  </constant>
  <constant>
    <name>serenity_form_label_color</name>
    <value>#455B6B</value>
  </constant>
  <constant>
    <name>serenity_input_background_color</name>
    <value>#fff</value>
  </constant>
  <constant>
    <name>serenity_input_font_color</name>
    <value>#5f727f</value>
  </constant>
  <constant>
    <name>serenity_input_border_color</name>
    <value>#d7d8da</value>
  </constant>
  <constant>
    <name>serenity_button_background_color</name>
    <value>#03598f</value>
  </constant>
  <constant>
    <name>serenity_button_background_color_hover</name>
    <value>#fe4497</value>
  </constant>
  <constant>
    <name>serenity_button_font_color</name>
    <value>#FFFFFF</value>
  </constant>
  <constant>
    <name>serenity_button_border_color</name>
    <value>#03598f</value>
  </constant>
  <constant>
    <name>serenity_comments_background_color</name>
    <value>#fff</value>
  </constant>
</root>